,test_nr,model,auc,model_train_nan,imputer,chain,group,seed,epitope,species,train_alpha_only,train_beta_only,train_both,train_non,train_total,test_total,df_size,gene_features,missing_indicator,improvement
0,2,RandomForest (own impl.),0.9313793103448276,True,,both,weighted_random_forest,0.0,GILGFVFTL,HomoSapiens,262.0,338.0,200.0,0.0,800.0,108.0,1000.0,FV,False,
1,2,RandomForest (own impl.),0.8981034482758621,True,,both,weighted_random_forest,1.0,GILGFVFTL,HomoSapiens,258.0,330.0,212.0,0.0,800.0,108.0,1000.0,FV,False,
2,2,RandomForest (own impl.),0.8955172413793104,True,,both,weighted_random_forest,2.0,GILGFVFTL,HomoSapiens,254.0,335.0,211.0,0.0,800.0,108.0,1000.0,FV,False,
3,2,RandomForest (own impl.),0.9137931034482758,True,,both,weighted_random_forest,3.0,GILGFVFTL,HomoSapiens,259.0,337.0,204.0,0.0,800.0,108.0,1000.0,FV,False,
4,2,RandomForest (own impl.),0.9041379310344827,True,,both,weighted_random_forest,4.0,GILGFVFTL,HomoSapiens,267.0,327.0,206.0,0.0,800.0,108.0,1000.0,FV,False,
0,3,"RandomForest (own impl., weighted, no nan)",0.903103448275862,False,,both,weighted_random_forest,0.0,GILGFVFTL,HomoSapiens,0.0,0.0,192.0,0.0,192.0,108.0,1000.0,FV,False,
1,3,"RandomForest (own impl., weighted, no nan)",0.8912068965517241,False,,both,weighted_random_forest,1.0,GILGFVFTL,HomoSapiens,0.0,0.0,206.0,0.0,206.0,108.0,1000.0,FV,False,
2,3,"RandomForest (own impl., weighted, no nan)",0.9077586206896551,False,,both,weighted_random_forest,2.0,GILGFVFTL,HomoSapiens,0.0,0.0,203.0,0.0,203.0,108.0,1000.0,FV,False,
3,3,"RandomForest (own impl., weighted, no nan)",0.9020689655172415,False,,both,weighted_random_forest,3.0,GILGFVFTL,HomoSapiens,0.0,0.0,198.0,0.0,198.0,108.0,1000.0,FV,False,
4,3,"RandomForest (own impl., weighted, no nan)",0.8998275862068965,False,,both,weighted_random_forest,4.0,GILGFVFTL,HomoSapiens,0.0,0.0,197.0,0.0,197.0,108.0,1000.0,FV,False,
0,4,"RandomForest (own impl., no nan)",0.9013793103448275,False,,both,weighted_random_forest,0.0,GILGFVFTL,HomoSapiens,0.0,0.0,192.0,0.0,192.0,108.0,1000.0,FV,False,
1,4,"RandomForest (own impl., no nan)",0.9077586206896552,False,,both,weighted_random_forest,1.0,GILGFVFTL,HomoSapiens,0.0,0.0,206.0,0.0,206.0,108.0,1000.0,FV,False,
2,4,"RandomForest (own impl., no nan)",0.8912068965517241,False,,both,weighted_random_forest,2.0,GILGFVFTL,HomoSapiens,0.0,0.0,203.0,0.0,203.0,108.0,1000.0,FV,False,
3,4,"RandomForest (own impl., no nan)",0.901551724137931,False,,both,weighted_random_forest,3.0,GILGFVFTL,HomoSapiens,0.0,0.0,198.0,0.0,198.0,108.0,1000.0,FV,False,
4,4,"RandomForest (own impl., no nan)",0.8868965517241381,False,,both,weighted_random_forest,4.0,GILGFVFTL,HomoSapiens,0.0,0.0,197.0,0.0,197.0,108.0,1000.0,FV,False,
