,test_nr,model,auc,model_train_nan,imputer,chain,group,seed,epitope,species,train_alpha_only,train_beta_only,train_both,train_non,train_total,test_total,df_size,gene_features,missing_indicator
0,2,RandomForest (own impl.),0.9075862068965518,True,,both,weighted_random_forest,0.0,GILGFVFTL,HomoSapiens,547.0,611.0,442.0,0.0,1600.0,108.0,2000.0,FV,False
1,2,RandomForest (own impl.),0.9036206896551724,True,,both,weighted_random_forest,1.0,GILGFVFTL,HomoSapiens,549.0,623.0,428.0,0.0,1600.0,108.0,2000.0,FV,False
2,2,RandomForest (own impl.),0.9151724137931033,True,,both,weighted_random_forest,2.0,GILGFVFTL,HomoSapiens,538.0,625.0,437.0,0.0,1600.0,108.0,2000.0,FV,False
3,2,RandomForest (own impl.),0.9206896551724139,True,,both,weighted_random_forest,3.0,GILGFVFTL,HomoSapiens,541.0,623.0,436.0,0.0,1600.0,108.0,2000.0,FV,False
4,2,RandomForest (own impl.),0.9220689655172414,True,,both,weighted_random_forest,4.0,GILGFVFTL,HomoSapiens,548.0,608.0,444.0,0.0,1600.0,108.0,2000.0,FV,False
0,3,"RandomForest (own impl., weighted, no nan)",0.9174137931034483,False,,both,weighted_random_forest,0.0,GILGFVFTL,HomoSapiens,0.0,0.0,432.0,0.0,432.0,108.0,2000.0,FV,False
1,3,"RandomForest (own impl., weighted, no nan)",0.9296551724137931,False,,both,weighted_random_forest,1.0,GILGFVFTL,HomoSapiens,0.0,0.0,414.0,0.0,414.0,108.0,2000.0,FV,False
2,3,"RandomForest (own impl., weighted, no nan)",0.9213793103448276,False,,both,weighted_random_forest,2.0,GILGFVFTL,HomoSapiens,0.0,0.0,424.0,0.0,424.0,108.0,2000.0,FV,False
3,3,"RandomForest (own impl., weighted, no nan)",0.9349999999999999,False,,both,weighted_random_forest,3.0,GILGFVFTL,HomoSapiens,0.0,0.0,423.0,0.0,423.0,108.0,2000.0,FV,False
4,3,"RandomForest (own impl., weighted, no nan)",0.9120689655172413,False,,both,weighted_random_forest,4.0,GILGFVFTL,HomoSapiens,0.0,0.0,430.0,0.0,430.0,108.0,2000.0,FV,False
0,4,"RandomForest (own impl., no nan)",0.9124137931034483,False,,both,weighted_random_forest,0.0,GILGFVFTL,HomoSapiens,0.0,0.0,432.0,0.0,432.0,108.0,2000.0,FV,False
1,4,"RandomForest (own impl., no nan)",0.9105172413793103,False,,both,weighted_random_forest,1.0,GILGFVFTL,HomoSapiens,0.0,0.0,414.0,0.0,414.0,108.0,2000.0,FV,False
2,4,"RandomForest (own impl., no nan)",0.9177586206896551,False,,both,weighted_random_forest,2.0,GILGFVFTL,HomoSapiens,0.0,0.0,424.0,0.0,424.0,108.0,2000.0,FV,False
3,4,"RandomForest (own impl., no nan)",0.9036206896551724,False,,both,weighted_random_forest,3.0,GILGFVFTL,HomoSapiens,0.0,0.0,423.0,0.0,423.0,108.0,2000.0,FV,False
4,4,"RandomForest (own impl., no nan)",0.9094827586206895,False,,both,weighted_random_forest,4.0,GILGFVFTL,HomoSapiens,0.0,0.0,430.0,0.0,430.0,108.0,2000.0,FV,False
