,epitope,drop_train_nan,serperate_chains,seed,auc,alpha_only_count_pos,beta_only_count_pos,both_count_pos,non_count_pos,model
0,GILGFVFTL,True,False,0,0.8699788583509515,0,0,321,0,"Random Forest (Both chains, no nan in train)"
1,GILGFVFTL,False,False,0,0.8932346723044396,417,455,328,0,"Random Forest (Both chains, nan in train)"
2,GILGFVFTL,True,True,0,0.904862579281184,0,0,321,0,"Random Forest (Seperate chains, no nan in train)"
3,GILGFVFTL,False,True,0,0.8960535588442565,417,455,328,0,"Random Forest (Seperate chains, nan in train)"
4,GILGFVFTL,True,False,1,0.8766741071428571,0,0,319,0,"Random Forest (Both chains, no nan in train)"
5,GILGFVFTL,False,False,1,0.8889508928571429,427,448,325,0,"Random Forest (Both chains, nan in train)"
6,GILGFVFTL,True,True,1,0.9308035714285714,0,0,319,0,"Random Forest (Seperate chains, no nan in train)"
7,GILGFVFTL,False,True,1,0.9313616071428571,427,448,325,0,"Random Forest (Seperate chains, nan in train)"
8,GILGFVFTL,True,False,2,0.9113157894736842,0,0,348,0,"Random Forest (Both chains, no nan in train)"
9,GILGFVFTL,False,False,2,0.9007894736842105,391,451,358,0,"Random Forest (Both chains, nan in train)"
10,GILGFVFTL,True,True,2,0.9163157894736842,0,0,348,0,"Random Forest (Seperate chains, no nan in train)"
11,GILGFVFTL,False,True,2,0.9239473684210525,391,451,358,0,"Random Forest (Seperate chains, nan in train)"
12,GILGFVFTL,True,False,3,0.922847399829497,0,0,318,0,"Random Forest (Both chains, no nan in train)"
13,GILGFVFTL,False,False,3,0.9030264279624893,400,476,324,0,"Random Forest (Both chains, nan in train)"
14,GILGFVFTL,True,True,3,0.9183716965046888,0,0,318,0,"Random Forest (Seperate chains, no nan in train)"
15,GILGFVFTL,False,True,3,0.939684569479966,400,476,324,0,"Random Forest (Seperate chains, nan in train)"
16,GILGFVFTL,True,False,4,0.877056277056277,0,0,327,0,"Random Forest (Both chains, no nan in train)"
17,GILGFVFTL,False,False,4,0.9116883116883118,416,451,333,0,"Random Forest (Both chains, nan in train)"
18,GILGFVFTL,True,True,4,0.9112554112554113,0,0,327,0,"Random Forest (Seperate chains, no nan in train)"
19,GILGFVFTL,False,True,4,0.9233766233766233,416,451,333,0,"Random Forest (Seperate chains, nan in train)"
20,NLVPMVATV,True,False,0,0.6147058823529411,0,0,87,0,"Random Forest (Both chains, no nan in train)"
21,NLVPMVATV,False,False,0,0.6058823529411764,364,746,90,0,"Random Forest (Both chains, nan in train)"
22,NLVPMVATV,True,True,0,0.6529411764705884,0,0,87,0,"Random Forest (Seperate chains, no nan in train)"
23,NLVPMVATV,False,True,0,0.5764705882352941,364,746,90,0,"Random Forest (Seperate chains, nan in train)"
24,NLVPMVATV,True,False,1,0.5916666666666667,0,0,85,0,"Random Forest (Both chains, no nan in train)"
25,NLVPMVATV,False,False,1,0.6208333333333333,334,780,86,0,"Random Forest (Both chains, nan in train)"
26,NLVPMVATV,True,True,1,0.5333333333333333,0,0,85,0,"Random Forest (Seperate chains, no nan in train)"
27,NLVPMVATV,False,True,1,0.5583333333333333,334,780,86,0,"Random Forest (Seperate chains, nan in train)"
28,NLVPMVATV,True,False,2,0.7268518518518519,0,0,77,0,"Random Forest (Both chains, no nan in train)"
29,NLVPMVATV,False,False,2,0.6805555555555556,342,776,82,0,"Random Forest (Both chains, nan in train)"
30,NLVPMVATV,True,True,2,0.6944444444444445,0,0,77,0,"Random Forest (Seperate chains, no nan in train)"
31,NLVPMVATV,False,True,2,0.8379629629629629,342,776,82,0,"Random Forest (Seperate chains, nan in train)"
32,NLVPMVATV,True,False,3,0.5676470588235294,0,0,80,0,"Random Forest (Both chains, no nan in train)"
33,NLVPMVATV,False,False,3,0.4764705882352941,345,769,86,0,"Random Forest (Both chains, nan in train)"
34,NLVPMVATV,True,True,3,0.5617647058823529,0,0,80,0,"Random Forest (Seperate chains, no nan in train)"
35,NLVPMVATV,False,True,3,0.5588235294117646,345,769,86,0,"Random Forest (Seperate chains, nan in train)"
36,NLVPMVATV,True,False,4,0.5555555555555556,0,0,76,0,"Random Forest (Both chains, no nan in train)"
37,NLVPMVATV,False,False,4,0.5042735042735043,371,751,78,0,"Random Forest (Both chains, nan in train)"
38,NLVPMVATV,True,True,4,0.6282051282051282,0,0,76,0,"Random Forest (Seperate chains, no nan in train)"
39,NLVPMVATV,False,True,4,0.547008547008547,371,751,78,0,"Random Forest (Seperate chains, nan in train)"
40,PKYVKQNTLKLAT,True,False,0,0.6172839506172839,0,0,102,0,"Random Forest (Both chains, no nan in train)"
41,PKYVKQNTLKLAT,False,False,0,0.8209876543209876,155,557,110,0,"Random Forest (Both chains, nan in train)"
42,PKYVKQNTLKLAT,True,True,0,0.6481481481481481,0,0,102,0,"Random Forest (Seperate chains, no nan in train)"
43,PKYVKQNTLKLAT,False,True,0,0.7067901234567902,155,557,110,0,"Random Forest (Seperate chains, nan in train)"
44,PKYVKQNTLKLAT,True,False,1,0.5443786982248521,0,0,103,0,"Random Forest (Both chains, no nan in train)"
45,PKYVKQNTLKLAT,False,False,1,0.6065088757396448,153,558,111,0,"Random Forest (Both chains, nan in train)"
46,PKYVKQNTLKLAT,True,True,1,0.7810650887573964,0,0,103,0,"Random Forest (Seperate chains, no nan in train)"
47,PKYVKQNTLKLAT,False,True,1,0.727810650887574,153,558,111,0,"Random Forest (Seperate chains, nan in train)"
48,PKYVKQNTLKLAT,True,False,2,0.48663101604278075,0,0,101,0,"Random Forest (Both chains, no nan in train)"
49,PKYVKQNTLKLAT,False,False,2,0.6122994652406417,146,568,108,0,"Random Forest (Both chains, nan in train)"
50,PKYVKQNTLKLAT,True,True,2,0.553475935828877,0,0,101,0,"Random Forest (Seperate chains, no nan in train)"
51,PKYVKQNTLKLAT,False,True,2,0.6871657754010695,146,568,108,0,"Random Forest (Seperate chains, nan in train)"
52,PKYVKQNTLKLAT,True,False,3,0.7177777777777778,0,0,99,0,"Random Forest (Both chains, no nan in train)"
53,PKYVKQNTLKLAT,False,False,3,0.5666666666666667,156,560,106,0,"Random Forest (Both chains, nan in train)"
54,PKYVKQNTLKLAT,True,True,3,0.6911111111111111,0,0,99,0,"Random Forest (Seperate chains, no nan in train)"
55,PKYVKQNTLKLAT,False,True,3,0.3933333333333333,156,560,106,0,"Random Forest (Seperate chains, nan in train)"
56,PKYVKQNTLKLAT,True,False,4,0.6121212121212121,0,0,103,0,"Random Forest (Both chains, no nan in train)"
57,PKYVKQNTLKLAT,False,False,4,0.6424242424242425,157,552,113,0,"Random Forest (Both chains, nan in train)"
58,PKYVKQNTLKLAT,True,True,4,0.6606060606060606,0,0,103,0,"Random Forest (Seperate chains, no nan in train)"
59,PKYVKQNTLKLAT,False,True,4,0.6818181818181819,157,552,113,0,"Random Forest (Seperate chains, nan in train)"
60,CINGVCWTV,True,False,0,0.8885971492873219,0,0,364,0,"Random Forest (Both chains, no nan in train)"
61,CINGVCWTV,False,False,0,0.898537134283571,11,303,380,0,"Random Forest (Both chains, nan in train)"
62,CINGVCWTV,True,True,0,0.9274193548387096,0,0,364,0,"Random Forest (Seperate chains, no nan in train)"
63,CINGVCWTV,False,True,0,0.93304576144036,11,303,380,0,"Random Forest (Seperate chains, nan in train)"
64,CINGVCWTV,True,False,1,0.8776442307692309,0,0,377,0,"Random Forest (Both chains, no nan in train)"
65,CINGVCWTV,False,False,1,0.9132211538461539,11,287,396,0,"Random Forest (Both chains, nan in train)"
66,CINGVCWTV,True,True,1,0.8740384615384614,0,0,377,0,"Random Forest (Seperate chains, no nan in train)"
67,CINGVCWTV,False,True,1,0.9045673076923076,11,287,396,0,"Random Forest (Seperate chains, nan in train)"
68,CINGVCWTV,True,False,2,0.8482142857142857,0,0,372,0,"Random Forest (Both chains, no nan in train)"
69,CINGVCWTV,False,False,2,0.8303571428571429,16,289,389,0,"Random Forest (Both chains, nan in train)"
70,CINGVCWTV,True,True,2,0.8477891156462585,0,0,372,0,"Random Forest (Seperate chains, no nan in train)"
71,CINGVCWTV,False,True,2,0.8535289115646257,16,289,389,0,"Random Forest (Seperate chains, nan in train)"
72,CINGVCWTV,True,False,3,0.9370833333333333,0,0,371,0,"Random Forest (Both chains, no nan in train)"
73,CINGVCWTV,False,False,3,0.9197916666666666,13,295,386,0,"Random Forest (Both chains, nan in train)"
74,CINGVCWTV,True,True,3,0.9397916666666667,0,0,371,0,"Random Forest (Seperate chains, no nan in train)"
75,CINGVCWTV,False,True,3,0.9387500000000001,13,295,386,0,"Random Forest (Seperate chains, nan in train)"
76,CINGVCWTV,True,False,4,0.8343160377358491,0,0,368,0,"Random Forest (Both chains, no nan in train)"
77,CINGVCWTV,False,False,4,0.8671383647798743,13,296,385,0,"Random Forest (Both chains, nan in train)"
78,CINGVCWTV,True,True,4,0.8751965408805032,0,0,368,0,"Random Forest (Seperate chains, no nan in train)"
79,CINGVCWTV,False,True,4,0.8822720125786165,13,296,385,0,"Random Forest (Seperate chains, nan in train)"
