,model,auc,model_train_nan,imputer,chain,seed,epitope,species,train_alpha_only,train_beta_only,train_both,train_non,train_total,test_total,gene_features,missing_indicator
0,Random Forest (NaNs dropped in train),0.9240977894300472,False,,both,0.0,GILGFVFTL,HomoSapiens,0.0,0.0,3429.0,0.0,3429.0,845.0,FV,False
1,Random Forest (NaNs dropped in train),0.9237442129629629,False,,both,1.0,GILGFVFTL,HomoSapiens,0.0,0.0,3442.0,0.0,3442.0,832.0,FV,False
2,Random Forest (NaNs dropped in train),0.9394903319434224,False,,both,2.0,GILGFVFTL,HomoSapiens,0.0,0.0,3389.0,0.0,3389.0,885.0,FV,False
3,Random Forest (NaNs dropped in train),0.9383695501730103,False,,both,3.0,GILGFVFTL,HomoSapiens,0.0,0.0,3424.0,0.0,3424.0,850.0,FV,False
4,Random Forest (NaNs dropped in train),0.919679248626617,False,,both,4.0,GILGFVFTL,HomoSapiens,0.0,0.0,3451.0,0.0,3451.0,823.0,FV,False
0,Random Forest (Zero imputed),0.9260417016794954,True,,both,0.0,GILGFVFTL,HomoSapiens,4122.0,4881.0,3525.0,0.0,12528.0,845.0,FV,False
1,Random Forest (Zero imputed),0.9261747685185184,True,,both,1.0,GILGFVFTL,HomoSapiens,4094.0,4896.0,3538.0,0.0,12528.0,832.0,FV,False
2,Random Forest (Zero imputed),0.9322035197449103,True,,both,2.0,GILGFVFTL,HomoSapiens,4137.0,4912.0,3479.0,0.0,12528.0,885.0,FV,False
3,Random Forest (Zero imputed),0.9374200692041523,True,,both,3.0,GILGFVFTL,HomoSapiens,4140.0,4881.0,3507.0,0.0,12528.0,850.0,FV,False
4,Random Forest (Zero imputed),0.9214513556618821,True,,both,4.0,GILGFVFTL,HomoSapiens,4088.0,4891.0,3549.0,0.0,12528.0,823.0,FV,False
0,Random Forest (Mean imputed),0.9260417016794954,True,,both,0.0,GILGFVFTL,HomoSapiens,4122.0,4881.0,3525.0,0.0,12528.0,845.0,FV,False
1,Random Forest (Mean imputed),0.9261747685185184,True,,both,1.0,GILGFVFTL,HomoSapiens,4094.0,4896.0,3538.0,0.0,12528.0,832.0,FV,False
2,Random Forest (Mean imputed),0.9322035197449103,True,,both,2.0,GILGFVFTL,HomoSapiens,4137.0,4912.0,3479.0,0.0,12528.0,885.0,FV,False
3,Random Forest (Mean imputed),0.9374200692041523,True,,both,3.0,GILGFVFTL,HomoSapiens,4140.0,4881.0,3507.0,0.0,12528.0,850.0,FV,False
4,Random Forest (Mean imputed),0.9214513556618821,True,,both,4.0,GILGFVFTL,HomoSapiens,4088.0,4891.0,3549.0,0.0,12528.0,823.0,FV,False
0,Random Forest (Most frequent imputed),0.9260417016794954,True,,both,0.0,GILGFVFTL,HomoSapiens,4122.0,4881.0,3525.0,0.0,12528.0,845.0,FV,False
1,Random Forest (Most frequent imputed),0.9261747685185184,True,,both,1.0,GILGFVFTL,HomoSapiens,4094.0,4896.0,3538.0,0.0,12528.0,832.0,FV,False
2,Random Forest (Most frequent imputed),0.9322035197449103,True,,both,2.0,GILGFVFTL,HomoSapiens,4137.0,4912.0,3479.0,0.0,12528.0,885.0,FV,False
3,Random Forest (Most frequent imputed),0.9374200692041523,True,,both,3.0,GILGFVFTL,HomoSapiens,4140.0,4881.0,3507.0,0.0,12528.0,850.0,FV,False
4,Random Forest (Most frequent imputed),0.9214513556618821,True,,both,4.0,GILGFVFTL,HomoSapiens,4088.0,4891.0,3549.0,0.0,12528.0,823.0,FV,False
0,Random Forest (Median imputed),0.9260417016794954,True,,both,0.0,GILGFVFTL,HomoSapiens,4122.0,4881.0,3525.0,0.0,12528.0,845.0,FV,False
1,Random Forest (Median imputed),0.9261747685185184,True,,both,1.0,GILGFVFTL,HomoSapiens,4094.0,4896.0,3538.0,0.0,12528.0,832.0,FV,False
2,Random Forest (Median imputed),0.9322035197449103,True,,both,2.0,GILGFVFTL,HomoSapiens,4137.0,4912.0,3479.0,0.0,12528.0,885.0,FV,False
3,Random Forest (Median imputed),0.9374200692041523,True,,both,3.0,GILGFVFTL,HomoSapiens,4140.0,4881.0,3507.0,0.0,12528.0,850.0,FV,False
4,Random Forest (Median imputed),0.9214513556618821,True,,both,4.0,GILGFVFTL,HomoSapiens,4088.0,4891.0,3549.0,0.0,12528.0,823.0,FV,False
0,Random Forest (Zero imputed) (with missing indicator),0.9197337904608248,True,,both,0.0,GILGFVFTL,HomoSapiens,4122.0,4881.0,3525.0,0.0,12528.0,845.0,FV,True
1,Random Forest (Zero imputed) (with missing indicator),0.9239236111111111,True,,both,1.0,GILGFVFTL,HomoSapiens,4094.0,4896.0,3538.0,0.0,12528.0,832.0,FV,True
2,Random Forest (Zero imputed) (with missing indicator),0.9294799076118061,True,,both,2.0,GILGFVFTL,HomoSapiens,4137.0,4912.0,3479.0,0.0,12528.0,885.0,FV,True
3,Random Forest (Zero imputed) (with missing indicator),0.9344941176470588,True,,both,3.0,GILGFVFTL,HomoSapiens,4140.0,4881.0,3507.0,0.0,12528.0,850.0,FV,True
4,Random Forest (Zero imputed) (with missing indicator),0.9131490342016657,True,,both,4.0,GILGFVFTL,HomoSapiens,4088.0,4891.0,3549.0,0.0,12528.0,823.0,FV,True
0,Random Forest (Mean imputed) (with missing indicator),0.9241033914826392,True,,both,0.0,GILGFVFTL,HomoSapiens,4122.0,4881.0,3525.0,0.0,12528.0,845.0,FV,True
1,Random Forest (Mean imputed) (with missing indicator),0.9289467592592593,True,,both,1.0,GILGFVFTL,HomoSapiens,4094.0,4896.0,3538.0,0.0,12528.0,832.0,FV,True
2,Random Forest (Mean imputed) (with missing indicator),0.9337952743030005,True,,both,2.0,GILGFVFTL,HomoSapiens,4137.0,4912.0,3479.0,0.0,12528.0,885.0,FV,True
3,Random Forest (Mean imputed) (with missing indicator),0.9363044982698961,True,,both,3.0,GILGFVFTL,HomoSapiens,4140.0,4881.0,3507.0,0.0,12528.0,850.0,FV,True
4,Random Forest (Mean imputed) (with missing indicator),0.9210349105085947,True,,both,4.0,GILGFVFTL,HomoSapiens,4088.0,4891.0,3549.0,0.0,12528.0,823.0,FV,True
0,Random Forest (Most frequent imputed) (with missing indicator),0.9267951777531288,True,,both,0.0,GILGFVFTL,HomoSapiens,4122.0,4881.0,3525.0,0.0,12528.0,845.0,FV,True
1,Random Forest (Most frequent imputed) (with missing indicator),0.9237876157407408,True,,both,1.0,GILGFVFTL,HomoSapiens,4094.0,4896.0,3538.0,0.0,12528.0,832.0,FV,True
2,Random Forest (Most frequent imputed) (with missing indicator),0.9371295274303001,True,,both,2.0,GILGFVFTL,HomoSapiens,4137.0,4912.0,3479.0,0.0,12528.0,885.0,FV,True
3,Random Forest (Most frequent imputed) (with missing indicator),0.9309813148788927,True,,both,3.0,GILGFVFTL,HomoSapiens,4140.0,4881.0,3507.0,0.0,12528.0,850.0,FV,True
4,Random Forest (Most frequent imputed) (with missing indicator),0.922260617874653,True,,both,4.0,GILGFVFTL,HomoSapiens,4088.0,4891.0,3549.0,0.0,12528.0,823.0,FV,True
0,Random Forest (Median imputed) (with missing indicator),0.9267951777531288,True,,both,0.0,GILGFVFTL,HomoSapiens,4122.0,4881.0,3525.0,0.0,12528.0,845.0,FV,True
1,Random Forest (Median imputed) (with missing indicator),0.9237876157407408,True,,both,1.0,GILGFVFTL,HomoSapiens,4094.0,4896.0,3538.0,0.0,12528.0,832.0,FV,True
2,Random Forest (Median imputed) (with missing indicator),0.9371295274303001,True,,both,2.0,GILGFVFTL,HomoSapiens,4137.0,4912.0,3479.0,0.0,12528.0,885.0,FV,True
3,Random Forest (Median imputed) (with missing indicator),0.9309813148788927,True,,both,3.0,GILGFVFTL,HomoSapiens,4140.0,4881.0,3507.0,0.0,12528.0,850.0,FV,True
4,Random Forest (Median imputed) (with missing indicator),0.922260617874653,True,,both,4.0,GILGFVFTL,HomoSapiens,4088.0,4891.0,3549.0,0.0,12528.0,823.0,FV,True
0,HistGradientBoosting,0.9250221281077387,True,,both,0.0,GILGFVFTL,HomoSapiens,4122.0,4881.0,3525.0,0.0,12528.0,845.0,FV,False
1,HistGradientBoosting,0.9232465277777778,True,,both,1.0,GILGFVFTL,HomoSapiens,4094.0,4896.0,3538.0,0.0,12528.0,832.0,FV,False
2,HistGradientBoosting,0.9392731583680811,True,,both,2.0,GILGFVFTL,HomoSapiens,4137.0,4912.0,3479.0,0.0,12528.0,885.0,FV,False
3,HistGradientBoosting,0.9447031141868512,True,,both,3.0,GILGFVFTL,HomoSapiens,4140.0,4881.0,3507.0,0.0,12528.0,850.0,FV,False
4,HistGradientBoosting,0.9249394530096285,True,,both,4.0,GILGFVFTL,HomoSapiens,4088.0,4891.0,3549.0,0.0,12528.0,823.0,FV,False
0,XGBoost,0.9235375841708402,True,,both,0.0,GILGFVFTL,HomoSapiens,4122.0,4881.0,3525.0,0.0,12528.0,845.0,FV,False
1,XGBoost,0.9294328703703703,True,,both,1.0,GILGFVFTL,HomoSapiens,4094.0,4896.0,3538.0,0.0,12528.0,832.0,FV,False
2,XGBoost,0.9418792412721773,True,,both,2.0,GILGFVFTL,HomoSapiens,4137.0,4912.0,3479.0,0.0,12528.0,885.0,FV,False
3,XGBoost,0.943047750865052,True,,both,3.0,GILGFVFTL,HomoSapiens,4140.0,4881.0,3507.0,0.0,12528.0,850.0,FV,False
4,XGBoost,0.9288971587217201,True,,both,4.0,GILGFVFTL,HomoSapiens,4088.0,4891.0,3549.0,0.0,12528.0,823.0,FV,False
0,LightGBM,0.9295765968650913,True,,both,0.0,GILGFVFTL,HomoSapiens,4122.0,4881.0,3525.0,0.0,12528.0,845.0,FV,False
1,LightGBM,0.929832175925926,True,,both,1.0,GILGFVFTL,HomoSapiens,4094.0,4896.0,3538.0,0.0,12528.0,832.0,FV,False
2,LightGBM,0.9394417872618757,True,,both,2.0,GILGFVFTL,HomoSapiens,4137.0,4912.0,3479.0,0.0,12528.0,885.0,FV,False
3,LightGBM,0.9475211072664359,True,,both,3.0,GILGFVFTL,HomoSapiens,4140.0,4881.0,3507.0,0.0,12528.0,850.0,FV,False
4,LightGBM,0.9202965325772343,True,,both,4.0,GILGFVFTL,HomoSapiens,4088.0,4891.0,3549.0,0.0,12528.0,823.0,FV,False
0,Random Forest (FV),0.9260417016794954,True,,both,0.0,GILGFVFTL,HomoSapiens,4122.0,4881.0,3525.0,0.0,12528.0,845.0,FV,False
1,Random Forest (FV),0.9261747685185184,True,,both,1.0,GILGFVFTL,HomoSapiens,4094.0,4896.0,3538.0,0.0,12528.0,832.0,FV,False
2,Random Forest (FV),0.9322035197449103,True,,both,2.0,GILGFVFTL,HomoSapiens,4137.0,4912.0,3479.0,0.0,12528.0,885.0,FV,False
3,Random Forest (FV),0.9374200692041523,True,,both,3.0,GILGFVFTL,HomoSapiens,4140.0,4881.0,3507.0,0.0,12528.0,850.0,FV,False
4,Random Forest (FV),0.9214513556618821,True,,both,4.0,GILGFVFTL,HomoSapiens,4088.0,4891.0,3549.0,0.0,12528.0,823.0,FV,False
0,Random Forest (F),0.9274674240641771,True,,both,0.0,GILGFVFTL,HomoSapiens,4122.0,4881.0,3525.0,0.0,12528.0,845.0,F,False
1,Random Forest (F),0.9299652777777778,True,,both,1.0,GILGFVFTL,HomoSapiens,4094.0,4896.0,3538.0,0.0,12528.0,832.0,F,False
2,Random Forest (F),0.9384351238655875,True,,both,2.0,GILGFVFTL,HomoSapiens,4137.0,4912.0,3479.0,0.0,12528.0,885.0,F,False
3,Random Forest (F),0.9423889273356402,True,,both,3.0,GILGFVFTL,HomoSapiens,4140.0,4881.0,3507.0,0.0,12528.0,850.0,F,False
4,Random Forest (F),0.9240799810975249,True,,both,4.0,GILGFVFTL,HomoSapiens,4088.0,4891.0,3549.0,0.0,12528.0,823.0,F,False
0,Random Forest (V),0.9212407426080916,True,,both,0.0,GILGFVFTL,HomoSapiens,4122.0,4881.0,3525.0,0.0,12528.0,845.0,V,False
1,Random Forest (V),0.9245138888888889,True,,both,1.0,GILGFVFTL,HomoSapiens,4094.0,4896.0,3538.0,0.0,12528.0,832.0,V,False
2,Random Forest (V),0.9354892281906629,True,,both,2.0,GILGFVFTL,HomoSapiens,4137.0,4912.0,3479.0,0.0,12528.0,885.0,V,False
3,Random Forest (V),0.9393079584775087,True,,both,3.0,GILGFVFTL,HomoSapiens,4140.0,4881.0,3507.0,0.0,12528.0,850.0,V,False
4,Random Forest (V),0.9145578592947015,True,,both,4.0,GILGFVFTL,HomoSapiens,4088.0,4891.0,3549.0,0.0,12528.0,823.0,V,False
0,Random Forest (F+V),0.9252322050799413,True,,both,0.0,GILGFVFTL,HomoSapiens,4122.0,4881.0,3525.0,0.0,12528.0,845.0,F+V,False
1,Random Forest (F+V),0.9290104166666667,True,,both,1.0,GILGFVFTL,HomoSapiens,4094.0,4896.0,3538.0,0.0,12528.0,832.0,F+V,False
2,Random Forest (F+V),0.9363144877769601,True,,both,2.0,GILGFVFTL,HomoSapiens,4137.0,4912.0,3479.0,0.0,12528.0,885.0,F+V,False
3,Random Forest (F+V),0.9379737024221453,True,,both,3.0,GILGFVFTL,HomoSapiens,4140.0,4881.0,3507.0,0.0,12528.0,850.0,F+V,False
4,Random Forest (F+V),0.9246175202315554,True,,both,4.0,GILGFVFTL,HomoSapiens,4088.0,4891.0,3549.0,0.0,12528.0,823.0,F+V,False
0,Random Forest (FV+F+V),0.927534648695282,True,,both,0.0,GILGFVFTL,HomoSapiens,4122.0,4881.0,3525.0,0.0,12528.0,845.0,FV+F+V,False
1,Random Forest (FV+F+V),0.9287731481481482,True,,both,1.0,GILGFVFTL,HomoSapiens,4094.0,4896.0,3538.0,0.0,12528.0,832.0,FV+F+V,False
2,Random Forest (FV+F+V),0.9414116793393835,True,,both,2.0,GILGFVFTL,HomoSapiens,4137.0,4912.0,3479.0,0.0,12528.0,885.0,FV+F+V,False
3,Random Forest (FV+F+V),0.944581314878893,True,,both,3.0,GILGFVFTL,HomoSapiens,4140.0,4881.0,3507.0,0.0,12528.0,850.0,FV+F+V,False
4,Random Forest (FV+F+V),0.9200011814046902,True,,both,4.0,GILGFVFTL,HomoSapiens,4088.0,4891.0,3549.0,0.0,12528.0,823.0,FV+F+V,False
0,Random Forest,0.9260417016794954,True,,both,0.0,GILGFVFTL,HomoSapiens,4122.0,4881.0,3525.0,0.0,12528.0,845.0,FV,False
1,Random Forest,0.9261747685185184,True,,both,1.0,GILGFVFTL,HomoSapiens,4094.0,4896.0,3538.0,0.0,12528.0,832.0,FV,False
2,Random Forest,0.9322035197449103,True,,both,2.0,GILGFVFTL,HomoSapiens,4137.0,4912.0,3479.0,0.0,12528.0,885.0,FV,False
3,Random Forest,0.9374200692041523,True,,both,3.0,GILGFVFTL,HomoSapiens,4140.0,4881.0,3507.0,0.0,12528.0,850.0,FV,False
4,Random Forest,0.9214513556618821,True,,both,4.0,GILGFVFTL,HomoSapiens,4088.0,4891.0,3549.0,0.0,12528.0,823.0,FV,False
0,Random Forest (Alpha chain),0.8714945155905123,True,,alpha,0.0,GILGFVFTL,HomoSapiens,4122.0,4881.0,3525.0,0.0,12528.0,845.0,FV,False
1,Random Forest (Alpha chain),0.8821788194444444,True,,alpha,1.0,GILGFVFTL,HomoSapiens,4094.0,4896.0,3538.0,0.0,12528.0,832.0,FV,False
2,Random Forest (Alpha chain),0.8807895920202764,True,,alpha,2.0,GILGFVFTL,HomoSapiens,4137.0,4912.0,3479.0,0.0,12528.0,885.0,FV,False
3,Random Forest (Alpha chain),0.8825328719723183,True,,alpha,3.0,GILGFVFTL,HomoSapiens,4140.0,4881.0,3507.0,0.0,12528.0,850.0,FV,False
4,Random Forest (Alpha chain),0.8844438537420993,True,,alpha,4.0,GILGFVFTL,HomoSapiens,4088.0,4891.0,3549.0,0.0,12528.0,823.0,FV,False
0,Random Forest (Beta chain),0.9006419952270512,True,,beta,0.0,GILGFVFTL,HomoSapiens,4122.0,4881.0,3525.0,0.0,12528.0,845.0,FV,False
1,Random Forest (Beta chain),0.8941608796296296,True,,beta,1.0,GILGFVFTL,HomoSapiens,4094.0,4896.0,3538.0,0.0,12528.0,832.0,FV,False
2,Random Forest (Beta chain),0.9136492314610417,True,,beta,2.0,GILGFVFTL,HomoSapiens,4137.0,4912.0,3479.0,0.0,12528.0,885.0,FV,False
3,Random Forest (Beta chain),0.9108678200692042,True,,beta,3.0,GILGFVFTL,HomoSapiens,4140.0,4881.0,3507.0,0.0,12528.0,850.0,FV,False
4,Random Forest (Beta chain),0.899867091972355,True,,beta,4.0,GILGFVFTL,HomoSapiens,4088.0,4891.0,3549.0,0.0,12528.0,823.0,FV,False
0,Random Forest (Seperate chains),0.9459121822235668,True,,seperate,0.0,GILGFVFTL,HomoSapiens,4122.0,4881.0,3525.0,0.0,12528.0,845.0,FV,False
1,Random Forest (Seperate chains),0.9455787037037036,True,,seperate,1.0,GILGFVFTL,HomoSapiens,4094.0,4896.0,3538.0,0.0,12528.0,832.0,FV,False
2,Random Forest (Seperate chains),0.9478630120186413,True,,seperate,2.0,GILGFVFTL,HomoSapiens,4137.0,4912.0,3479.0,0.0,12528.0,885.0,FV,False
3,Random Forest (Seperate chains),0.9549923875432526,True,,seperate,3.0,GILGFVFTL,HomoSapiens,4140.0,4881.0,3507.0,0.0,12528.0,850.0,FV,False
4,Random Forest (Seperate chains),0.9413964203437887,True,,seperate,4.0,GILGFVFTL,HomoSapiens,4088.0,4891.0,3549.0,0.0,12528.0,823.0,FV,False
